Fugglet_tv,gtuckgaming,,,,,,,
Fugglet_tv,asbjrnihlen,,,,,,,
Fugglet_tv,nvidiageforceuk,,,,,,,
Fugglet_tv,mr_trebleclef, wjacky101,,,,,,
Fugglet_tv,wjacky101,,,,,,,
Fugglet_tv,theaculite, stonemountain64,,,,,,
Fugglet_tv,nathanordie,,,,,,,
Fugglet_tv,spreeezyow,,,,,,,
Fugglet_tv,twitter,,,,,,,
Fugglet_tv,theslimejunior, pubgmobile,,,,,,
Fugglet_tv,pubgmobile,,,,,,,
Fugglet_tv,logitechg, wtfrise,,,,,,
Fugglet_tv,satisfactoryaf,,,,,,,
Fugglet_tv,theaculite,,,,,,,
Fugglet_tv,fiveub,,,,,,,
Fugglet_tv,theaculite,,,,,,,
Fugglet_tv,stonemountain64,,,,,,,
Fugglet_tv,spicedananas, theaculite, itstomographic, stonemountain64, h2odelirious, vanossgaming, daithidenogla, ohmwrecker
Fugglet_tv,playapex,,,,,,,
Fugglet_tv,stonemountain64,,,,,,,
Fugglet_tv,teamyoutube,,,,,,,
Fugglet_tv,wjacky101,,,,,,,
Fugglet_tv,inprisondshadow,,,,,,,
Fugglet_tv,itstomographic,,,,,,,
Fugglet_tv,itstomographic, youtube,,,,,,
Fugglet_tv,mgoods1219,,,,,,,
Fugglet_tv,nickeh30,,,,,,,
Fugglet_tv,playapex,,,,,,,
Fugglet_tv,oliverincsgo, nickeh30,,,,,,
Fugglet_tv,nickeh30,,,,,,,
Fugglet_tv,theaculite, itstomographic,,,,,,
Fugglet_tv,itstomographic,,,,,,,
Fugglet_tv,jwalter14, playapex,,,,,,
Fugglet_tv,playapex,,,,,,,
Fugglet_tv,crng_kai, just9n,,,,,,
Fugglet_tv,just9n,,,,,,,
Fugglet_tv,playapex,,,,,,,
Fugglet_tv,phillyd,,,,,,,
Fugglet_tv,iamswaggertv,,,,,,,
Fugglet_tv,itstomographic,,,,,,,
Fugglet_tv,n97even,,,,,,,
Fugglet_tv,theaculite,,,,,,,
Fugglet_tv,youtube,,,,,,,
Fugglet_tv,snikey_tv, pubg,,,,,,
Fugglet_tv,youtube,,,,,,,
Fugglet_tv,wjacky101,,,,,,,
Fugglet_tv,dbhgaming,,,,,,,
Fugglet_tv,pubg,,,,,,,
Fugglet_tv,50edits,,,,,,,
Fugglet_tv,jambi_m8,,,,,,,
Fugglet_tv,youtube,,,,,,,
Fugglet_tv,xcodeh, streamlabs,,,,,,
Fugglet_tv,princeofevrfree, wjacky101, spreeezyow,,,,,
Fugglet_tv,wjacky101, spreeezyow,,,,,,
Fugglet_tv,youtube,,,,,,,
Fugglet_tv,spreeezyow,,,,,,,
Fugglet_tv,burn1alex,,,,,,,
Fugglet_tv,youtube,,,,,,,
Fugglet_tv,youtube,,,,,,,
Fugglet_tv,dearsomeone,,,,,,,
Fugglet_tv,tsm_break,,,,,,,
Fugglet_tv,grizzontwitch,,,,,,,
Fugglet_tv,youtube,,,,,,,
Fugglet_tv,wjacky101,,,,,,,
Fugglet_tv,antoine_pinto, ergotron,,,,,,
Fugglet_tv,antoine_pinto, ergotron,,,,,,
Fugglet_tv,ironhead17, twitch,,,,,,
Fugglet_tv,kocceto_, twitch, twitchsupport,,,,,
Fugglet_tv,twitch,,,,,,,
Fugglet_tv,shinion_tv,,,,,,,
Fugglet_tv,nerdspwn,,,,,,,
Fugglet_tv,wjacky101,,,,,,,
Fugglet_tv,youtube,,,,,,,
Fugglet_tv,razer,,,,,,,
Fugglet_tv,versacemcgee,,,,,,,
Fugglet_tv,50edits,,,,,,,
Fugglet_tv,harleyjdye,,,,,,,
Fugglet_tv,youtube,,,,,,,
Fugglet_tv,youtube,,,,,,,
Fugglet_tv,itstomographic,,,,,,,
Fugglet_tv,cycabs,,,,,,,
Fugglet_tv,tanmay__97, twitch, wjacky101,,,,,
Fugglet_tv,twitch, wjacky101,,,,,,
Fugglet_tv,theaculite,,,,,,,
Fugglet_tv,youtube,,,,,,,
Fugglet_tv,youtube,,,,,,,
Fugglet_tv,youtube,,,,,,,
Fugglet_tv,youtube,,,,,,,
Fugglet_tv,gimanni, jackfrags,,,,,,
Fugglet_tv,sponsorradgiver,,,,,,,
Fugglet_tv,jackfrags,,,,,,,
Fugglet_tv,wjacky101, teamyoutube, wadupubg,,,,,
Fugglet_tv,wjacky101, teamyoutube,,,,,,
Fugglet_tv,youtube,,,,,,,
Fugglet_tv,playerunknown,,,,,,,
Fugglet_tv,steelseries,,,,,,,
Fugglet_tv,yomadridista97,,,,,,,
Fugglet_tv,steelseries,,,,,,,
Fugglet_tv,theresotov,,,,,,,
Fugglet_tv,youtube,,,,,,,
Fugglet_tv,youtube,,,,,,,
Fugglet_tv,theaculite, itstomographic, roe_tencent,,,,,
Fugglet_tv,theaculite, itstomographic, roe_tencent,,,,,
Fugglet_tv,youtube,,,,,,,
Fugglet_tv,youtube,,,,,,,
Fugglet_tv,wjacky101,,,,,,,
Fugglet_tv,stonemountain64,,,,,,,
Fugglet_tv,theaculite,,,,,,,
Fugglet_tv,peshk1n, youtube,,,,,,
Fugglet_tv,youtube,,,,,,,
Fugglet_tv,tv_charlie_r,,,,,,,
Fugglet_tv,youtube,,,,,,,
Fugglet_tv,itstomographic,,,,,,,
Fugglet_tv,itstomographic,,,,,,,
Fugglet_tv,flamescutty,,,,,,,
Fugglet_tv,youtube,,,,,,,
Fugglet_tv,vgdunkey,,,,,,,
Fugglet_tv,youtube,,,,,,,
Fugglet_tv,youtube,,,,,,,
Fugglet_tv,wjacky101,,,,,,,
Fugglet_tv,youtube,,,,,,,
Fugglet_tv,mrtweeday,,,,,,,
Fugglet_tv,youtube,,,,,,,
Fugglet_tv,grizzontwitch,,,,,,,
Fugglet_tv,wjacky101,,,,,,,
Fugglet_tv,youtube,,,,,,,
Fugglet_tv,chinglishtv,,,,,,,
Fugglet_tv,hotwingssgt,,,,,,,
Fugglet_tv,callofduty,,,,,,,
Fugglet_tv,monstergaming,,,,,,,
Fugglet_tv,matrym_gg,,,,,,,
Fugglet_tv,youtube,,,,,,,
Fugglet_tv,liquid_ibiza, pubg,,,,,,
Fugglet_tv,quarterjade, twitch,,,,,,
Fugglet_tv,twitch,,,,,,,
Fugglet_tv,royerthanever,,,,,,,
Fugglet_tv,theaculite,,,,,,,
Fugglet_tv,youtube,,,,,,,
Fugglet_tv,quarterjade,,,,,,,
Fugglet_tv,thebearjewlive,,,,,,,
Fugglet_tv,quarterjade,,,,,,,
Fugglet_tv,youtube,,,,,,,
Fugglet_tv,youtube,,,,,,,
Fugglet_tv,goboomtv,,,,,,,
Fugglet_tv,drdisrespect, quarterjade,,,,,,
Fugglet_tv,otzdarvayt,,,,,,,
Fugglet_tv,otzdarvayt,,,,,,,
Fugglet_tv,youtube,,,,,,,
Fugglet_tv,youtube,,,,,,,
Fugglet_tv,quarterjade,,,,,,,
Fugglet_tv,wjacky101, wtfmoses,,,,,,
Fugglet_tv,wtfmoses,,,,,,,
Fugglet_tv,youtube,,,,,,,
Fugglet_tv,wtfmoses,,,,,,,
Fugglet_tv,youtube,,,,,,,
Fugglet_tv,thebearjewlive,,,,,,,
Fugglet_tv,youtube,,,,,,,
Fugglet_tv,joeytiley, pubg, spreeezyow,,,,,
Fugglet_tv,youtube,,,,,,,
Fugglet_tv,nvidiageforce,,,,,,,
Fugglet_tv,jello771,,,,,,,
Fugglet_tv,mathrim,,,,,,,
Fugglet_tv,scumgame,,,,,,,
Fugglet_tv,scumgame,,,,,,,
Fugglet_tv,youtube,,,,,,,
Fugglet_tv,raptordaraptor,,,,,,,
Fugglet_tv,fiveub,,,,,,,
Fugglet_tv,drdisrespect,,,,,,,
Fugglet_tv,youtube,,,,,,,
Fugglet_tv,theaculite,,,,,,,
Fugglet_tv,youtube,,,,,,,
Fugglet_tv,bilal_tarim,,,,,,,
Fugglet_tv,bluesmachine100,,,,,,,
Fugglet_tv,faceit,,,,,,,
Fugglet_tv,mendaaxxxx, the_real_tmm, pubg_help, mendaaxxxx,,,,
Fugglet_tv,montogeek,,,,,,,
Fugglet_tv,youtube,,,,,,,
Fugglet_tv,xxxdugot123xxx,,,,,,,
Fugglet_tv,flopper,,,,,,,
Fugglet_tv,fearslight,,,,,,,
Fugglet_tv,youtube,,,,,,,
Fugglet_tv,phoeberaven, pansy, pubg, theaculite, itstomographic, stonemountain64, wjacky101, lostaiming
Fugglet_tv,itstomographic,,,,,,,
Fugglet_tv,playerunknown,,,,,,,
Fugglet_tv,stonemountain64,,,,,,,
Fugglet_tv,youtube,,,,,,,
Fugglet_tv,laishrammangal,,,,,,,
Fugglet_tv,pubg,,,,,,,
Fugglet_tv,wjacky101,,,,,,,
Fugglet_tv,pubgmobile,,,,,,,
Fugglet_tv,pubg,,,,,,,
Fugglet_tv,theaculite,,,,,,,
Fugglet_tv,poopiequeen,,,,,,,
Fugglet_tv,youtube,,,,,,,
Fugglet_tv,wjacky101,,,,,,,
Fugglet_tv,youtube,,,,,,,
Fugglet_tv,vhawkinz,,,,,,,
Fugglet_tv,vhawkinz,,,,,,,
Fugglet_tv,joinsimon, globalloot,,,,,,
Fugglet_tv,joinsimon, globalloot,,,,,,
Fugglet_tv,theninetieskid, youtube,,,,,,
Fugglet_tv,youtube,,,,,,,
Fugglet_tv,wjacky101,,,,,,,
Fugglet_tv,wjacky101,,,,,,,
Fugglet_tv,vhawkinz,,,,,,,
Fugglet_tv,youtube,,,,,,,
Fugglet_tv,vhawkinz,,,,,,,
Fugglet_tv,vhawkinz,,,,,,,
Fugglet_tv,theaculite,,,,,,,
Fugglet_tv,vhawkinz, farleyplays,,,,,,
Fugglet_tv,farleyplays, vhawkinz,,,,,,
Fugglet_tv,vhawkinz,,,,,,,
Fugglet_tv,shroud,,,,,,,
Fugglet_tv,pubgpartners,,,,,,,
Fugglet_tv,mighty_quinn_1, youtube,,,,,,
Fugglet_tv,youtube,,,,,,,
Fugglet_tv,youtube,,,,,,,
Fugglet_tv,wtfmoses, morgankaminsky,,,,,,
Fugglet_tv,theaculite, islandsofnyne,,,,,,
Fugglet_tv,islandsofnyne,,,,,,,
Fugglet_tv,wjacky101,,,,,,,
Fugglet_tv,wjacky101,,,,,,,
Fugglet_tv,wtfmoses,,,,,,,
Fugglet_tv,youtube,,,,,,,
Fugglet_tv,arendwh,,,,,,,
Fugglet_tv,gonlurntoday, wtfasdfghjklon,,,,,,
Fugglet_tv,youtube,,,,,,,
Fugglet_tv,youtube,,,,,,,
Fugglet_tv,youtube,,,,,,,
Fugglet_tv,joinsimon,,,,,,,
Fugglet_tv,theaculite,,,,,,,
Fugglet_tv,youtube,,,,,,,
Fugglet_tv,wjacky101,,,,,,,
Fugglet_tv,youtube,,,,,,,
Fugglet_tv,youtube,,,,,,,
Fugglet_tv,versacemcgee,,,,,,,
Fugglet_tv,theaculite,,,,,,,
Fugglet_tv,youtube,,,,,,,
Fugglet_tv,youtube,,,,,,,
Fugglet_tv,youtube,,,,,,,
Fugglet_tv,theaculite,,,,,,,
Fugglet_tv,poopiequeen,,,,,,,
Fugglet_tv,wjacky101,,,,,,,
Fugglet_tv,youtube,,,,,,,
Fugglet_tv,faresalshabanat,,,,,,,
Fugglet_tv,faresalshabanat,,,,,,,
Fugglet_tv,faresalshabanat,,,,,,,
Fugglet_tv,micah_horton1,,,,,,,
Fugglet_tv,joannapondd,,,,,,,
Fugglet_tv,nicoenpijama,,,,,,,
Fugglet_tv,nicoenpijama,,,,,,,
Fugglet_tv,pubgisrael, youtube,,,,,,
Fugglet_tv,haraldssonsam, youtube,,,,,,
Fugglet_tv,youtube,,,,,,,
Fugglet_tv,xanner999,,,,,,,
Fugglet_tv,athena__design,,,,,,,
Fugglet_tv,athena__design,,,,,,,
Fugglet_tv,_grammar_,,,,,,,
Fugglet_tv,youtube,,,,,,,
Fugglet_tv,gilmonat1, madelineillu,,,,,,
Fugglet_tv,youtube,,,,,,,
Fugglet_tv,youtube,,,,,,,
Fugglet_tv,halo,,,,,,,
Fugglet_tv,damienthebunny, madelineillu,,,,,,
Fugglet_tv,youtube,,,,,,,
Fugglet_tv,fracturedlands,,,,,,,
Fugglet_tv,madelineillu,,,,,,,
Fugglet_tv,fracturedlands,,,,,,,
Fugglet_tv,bluesmachine100,,,,,,,
Fugglet_tv,youtube,,,,,,,
Fugglet_tv,landfallgames,,,,,,,
Fugglet_tv,globalloot, wjacky101,,,,,,
Fugglet_tv,globalloot, twitch, thenameistoby, tenshital,,,,
Fugglet_tv,wjacky101,,,,,,,
Fugglet_tv,youtube,,,,,,,
Fugglet_tv,wjacky101,,,,,,,
Fugglet_tv,svendsen22, nvidiageforceuk,,,,,,
Fugglet_tv,nvidiageforceuk,,,,,,,
Fugglet_tv,wjacky101, bluesmachine100,,,,,,
Fugglet_tv,drdisrespect,,,,,,,
Fugglet_tv,robinumbuh5,,,,,,,
Fugglet_tv,zed2connect,,,,,,,
Fugglet_tv,t41m00r,,,,,,,
Fugglet_tv,03hotrod10,,,,,,,
Fugglet_tv,youtube,,,,,,,
Fugglet_tv,wtfmoses, wjacky101,,,,,,
Fugglet_tv,youtube,,,,,,,
Fugglet_tv,agluteusmaximus, noblechairs,,,,,,
Fugglet_tv,noblechairs,,,,,,,
Fugglet_tv,youtube,,,,,,,
Fugglet_tv,youtube,,,,,,,
Fugglet_tv,youtube,,,,,,,
Fugglet_tv,youtube,,,,,,,
Fugglet_tv,lord_cheetoz, fugglet_tv,,,,,,
Fugglet_tv,youtube,,,,,,,
Fugglet_tv,reliablerocket,,,,,,,
Fugglet_tv,david_mcentee,,,,,,,
Fugglet_tv,mikkelsorensen_,,,,,,,
Fugglet_tv,youtube,,,,,,,
Fugglet_tv,wjacky101,,,,,,,
Fugglet_tv,youtube,,,,,,,
Fugglet_tv,youtube,,,,,,,
Fugglet_tv,youtube,,,,,,,
Fugglet_tv,pubgmobile,,,,,,,
Fugglet_tv,youtube,,,,,,,
Fugglet_tv,youtube,,,,,,,
Fugglet_tv,youtube,,,,,,,
Fugglet_tv,rotteborg,,,,,,,
Fugglet_tv,youtube,,,,,,,
Fugglet_tv,youtube,,,,,,,
Fugglet_tv,youtube,,,,,,,
Fugglet_tv,youtube,,,,,,,
Fugglet_tv,luke_clayton1,,,,,,,
Fugglet_tv,ksartdesigns, nibellion, playerunknown, wjacky101, pubg, pubg_help, stonemountain64,
Fugglet_tv,youtube,,,,,,,
Fugglet_tv,ninja, youtube,,,,,,
Fugglet_tv,youtube,,,,,,,
Fugglet_tv,theaculite,,,,,,,
Fugglet_tv,theaculite,,,,,,,
Fugglet_tv,youtube,,,,,,,
Fugglet_tv,youtube,,,,,,,
Fugglet_tv,youtube,,,,,,,
Fugglet_tv,youtube,,,,,,,
Fugglet_tv,pubg_help,,,,,,,
Fugglet_tv,hekarocsgo,,,,,,,
Fugglet_tv,burn1alex,,,,,,,
Fugglet_tv,youtube,,,,,,,
Fugglet_tv,radical_heights,,,,,,,
Fugglet_tv,radical_heights,,,,,,,
Fugglet_tv,alienware, pubg,,,,,,
Fugglet_tv,youtube,,,,,,,
Fugglet_tv,epicsimminghd,,,,,,,
Fugglet_tv,quaweds,,,,,,,
Fugglet_tv,flashfyre0012,,,,,,,
Fugglet_tv,burn1alex,,,,,,,
Fugglet_tv,youtube,,,,,,,
Fugglet_tv,youtube,,,,,,,
Fugglet_tv,youtube,,,,,,,
Fugglet_tv,youtube,,,,,,,
Fugglet_tv,villinary,,,,,,,
Fugglet_tv,theaculite,,,,,,,
Fugglet_tv,theaculite,,,,,,,
Fugglet_tv,youtube,,,,,,,
Fugglet_tv,youtube,,,,,,,
Fugglet_tv,blizzard_ent,,,,,,,
Fugglet_tv,youtube,,,,,,,
Fugglet_tv,youtube,,,,,,,
Fugglet_tv,miloboom, nvidiageforceuk,,,,,,
Fugglet_tv,nvidiageforceuk,,,,,,,
Fugglet_tv,youtube,,,,,,,
Fugglet_tv,midourez73, playerunknown, pubgmobile,,,,,
Fugglet_tv,3stripeofadidas, playerunknown, pubgmobile,,,,,
Fugglet_tv,playerunknown, pubgmobile,,,,,,
Fugglet_tv,youtube,,,,,,,
Fugglet_tv,youtube,,,,,,,
Fugglet_tv,yungfatboye,,,,,,,
Fugglet_tv,youtube,,,,,,,
Fugglet_tv,silasaagaard01,,,,,,,
Fugglet_tv,pubattlegrounds,,,,,,,
Fugglet_tv,kevin66301079,,,,,,,
Fugglet_tv,wtfmoses,,,,,,,
Fugglet_tv,wtfmoses,,,,,,,
Fugglet_tv,youtube,,,,,,,
Fugglet_tv,nvidiageforceuk,,,,,,,
Fugglet_tv,youtube,,,,,,,
Fugglet_tv,luke_clayton1,,,,,,,
Fugglet_tv,dylan_frost83,,,,,,,
Fugglet_tv,pubattlegrounds,,,,,,,
Fugglet_tv,youtube,,,,,,,
Fugglet_tv,youtube,,,,,,,
Fugglet_tv,youtube,,,,,,,
Fugglet_tv,youtube,,,,,,,
Fugglet_tv,youtube,,,,,,,
Fugglet_tv,byxyago,,,,,,,
Fugglet_tv,stonemountain64, itstomographic, aculitegaming,,,,,
Fugglet_tv,youtube,,,,,,,
Fugglet_tv,youtube,,,,,,,
Fugglet_tv,itstomographic,,,,,,,
Fugglet_tv,youtube,,,,,,,
Fugglet_tv,youtube,,,,,,,
Fugglet_tv,youtube,,,,,,,
Fugglet_tv,siggy_13,,,,,,,
Fugglet_tv,whunterd, youtube,,,,,,
Fugglet_tv,youtube,,,,,,,
Fugglet_tv,youtube,,,,,,,
Fugglet_tv,aculitegaming,,,,,,,
Fugglet_tv,crankypants77, aculitegaming, itstomographic, wtfmoses,,,,
Fugglet_tv,dbow212,,,,,,,
Fugglet_tv,youtube,,,,,,,
Fugglet_tv,youtube,,,,,,,
Fugglet_tv,discordapp,,,,,,,
Fugglet_tv,youtube,,,,,,,
Fugglet_tv,discordapp,,,,,,,
Fugglet_tv,discordapp,,,,,,,
Fugglet_tv,youtube,,,,,,,
Fugglet_tv,iepicminigamer, aculitegaming, itstomographic,,,,,
Fugglet_tv,youtube,,,,,,,
Fugglet_tv,youtube,,,,,,,
Fugglet_tv,larspmars1,,,,,,,
Fugglet_tv,youtube,,,,,,,
Fugglet_tv,youtube,,,,,,,
Fugglet_tv,youtube,,,,,,,
Fugglet_tv,tanmayshroff97, youtube,,,,,,
Fugglet_tv,youtube,,,,,,,
Fugglet_tv,youtube,,,,,,,
Fugglet_tv,youtube,,,,,,,
Fugglet_tv,wtfmoses,,,,,,,
Fugglet_tv,karolosbizos,,,,,,,
Fugglet_tv,omerplayz,,,,,,,
Fugglet_tv,omerplayz,,,,,,,
Fugglet_tv,thomann, eatabananatv,,,,,,
Fugglet_tv,feriferoad,,,,,,,
Fugglet_tv,feriferoad,,,,,,,
Fugglet_tv,youtube,,,,,,,
Fugglet_tv,youtube,,,,,,,
Fugglet_tv,youtube,,,,,,,
Fugglet_tv,youtube,,,,,,,
Fugglet_tv,itstomographic, aculitegaming,,,,,,
Fugglet_tv,youtube,,,,,,,
Fugglet_tv,willsaxon, fugglet,,,,,,
Fugglet_tv,mattficken, fugglet,,,,,,
Fugglet_tv,fugglet, twittersupport,,,,,,
Fugglet_tv,kollarik_alex,,,,,,,
Fugglet_tv,kollarik_alex,,,,,,,
Fugglet_tv,matthiaslassnig,,,,,,,
Fugglet_tv,omgzomb1e,,,,,,,
Fugglet_tv,poopiequeen,,,,,,,
Fugglet_tv,youtube,,,,,,,
Fugglet_tv,youtube,,,,,,,
Fugglet_tv,youtube,,,,,,,
Fugglet_tv,youtube,,,,,,,
Fugglet_tv,youtube, twitch,,,,,,
Fugglet_tv,youtube,,,,,,,
Fugglet_tv,youtube,,,,,,,
Fugglet_tv,karl_fiehler,,,,,,,
Fugglet_tv,youtube,,,,,,,
Fugglet_tv,discordapp,,,,,,,
Fugglet_tv,discordapp,,,,,,,
Fugglet_tv,milot_selimi619,,,,,,,
Fugglet_tv,youtube,,,,,,,
Fugglet_tv,g3n086,,,,,,,
Fugglet_tv,1pubg,,,,,,,
Fugglet_tv,anthonysonofgod,,,,,,,
Fugglet_tv,youtube,,,,,,,
Fugglet_tv,brody_bassetttt,,,,,,,
Fugglet_tv,giantwaffle,,,,,,,
Fugglet_tv,youtube,,,,,,,
Fugglet_tv,pubgpartners,,,,,,,
Fugglet_tv,youtube,,,,,,,
Fugglet_tv,h3h3productions, playerunknown,,,,,,
Fugglet_tv,nvidiageforceuk,,,,,,,
Fugglet_tv,fatcunttm,,,,,,,
Fugglet_tv,smediumduck,,,,,,,
Fugglet_tv,xryze1337,,,,,,,
Fugglet_tv,theomarples,,,,,,,
Fugglet_tv,fatcunttm,,,,,,,
Fugglet_tv,smediumduck,,,,,,,
Fugglet_tv,pizzalife56, karemamarkus,,,,,,
Fugglet_tv,themayfin,,,,,,,
Fugglet_tv,elaine_morin,,,,,,,
Fugglet_tv,youtube,,,,,,,
Fugglet_tv,theuglyschmuck, beastofdutyhd,,,,,,
Fugglet_tv,youtube,,,,,,,
Fugglet_tv,uguubear,,,,,,,
Fugglet_tv,pubgpartners,,,,,,,
Fugglet_tv,pubgpartners,,,,,,,
Fugglet_tv,pubattlegrounds, dearsomeone,,,,,,
Fugglet_tv,youtube,,,,,,,
Fugglet_tv,youtube,,,,,,,
Fugglet_tv,quaweds,,,,,,,
Fugglet_tv,ben0d0ver,,,,,,,
Fugglet_tv,rawrsnacks,,,,,,,
Fugglet_tv,matthiaslassnig,,,,,,,
Fugglet_tv,youtube,,,,,,,
Fugglet_tv,falkenpubg,,,,,,,
Fugglet_tv,brojobchoochoo,,,,,,,
Fugglet_tv,youtube,,,,,,,
Fugglet_tv,matthiaslassnig,,,,,,,
Fugglet_tv,youtube,,,,,,,
Fugglet_tv,arff_richt,,,,,,,
Fugglet_tv,yellowslayer123, islandsofnyne,,,,,,
Fugglet_tv,yellowslayer123, islandsofnyne,,,,,,
Fugglet_tv,yellowslayer123, islandsofnyne,,,,,,
Fugglet_tv,islandsofnyne,,,,,,,
Fugglet_tv,youtube,,,,,,,
Fugglet_tv,youtube,,,,,,,
Fugglet_tv,h3h3productions,,,,,,,
Fugglet_tv,hyperfilthered,,,,,,,
Fugglet_tv,youtube,,,,,,,
Fugglet_tv,hyperfilthered,,,,,,,
Fugglet_tv,hyperfilthered, fugglet_tv,,,,,,
Fugglet_tv,youtube,,,,,,,
Fugglet_tv,youtube,,,,,,,
Fugglet_tv,alexeshkeri,,,,,,,
Fugglet_tv,alexeshkeri,,,,,,,
Fugglet_tv,youtube,,,,,,,
Fugglet_tv,oliverincsgo,,,,,,,
Fugglet_tv,aboottogethoot,,,,,,,
Fugglet_tv,itstomographic,,,,,,,
Fugglet_tv,youtube,,,,,,,
Fugglet_tv,matzygb,,,,,,,
Fugglet_tv,fatcunttm,,,,,,,
Fugglet_tv,fatcunttm,,,,,,,
Fugglet_tv,haazzaa__,,,,,,,
Fugglet_tv,youtube,,,,,,,
Fugglet_tv,oliverincsgo,,,,,,,
Fugglet_tv,stonemountain64,,,,,,,
Fugglet_tv,youtube,,,,,,,
Fugglet_tv,youtube,,,,,,,
Fugglet_tv,feedtheporos, pubattlegrounds,,,,,,
Fugglet_tv,levenom3, pubattlegrounds,,,,,,
Fugglet_tv,rel_games, pubattlegrounds,,,,,,
Fugglet_tv,pubattlegrounds,,,,,,,
Fugglet_tv,poopiequeen,,,,,,,
Fugglet_tv,imsirboliver, poopiequeen, pubgpartners, pubattlegrounds,,,,
Fugglet_tv,poopiequeen, pubgpartners, pubattlegrounds,,,,,
Fugglet_tv,janzoman, poopiequeen, pubgpartners, pubattlegrounds, forsen, c9shroud,,
Fugglet_tv,poopiequeen, pubgpartners, pubattlegrounds,,,,,
Fugglet_tv,sam2017art, ironsidepc,,,,,,
Fugglet_tv,youtube,,,,,,,
Fugglet_tv,deezy_gfx,,,,,,,
Fugglet_tv,fluck_duk,,,,,,,
Fugglet_tv,levenom3,,,,,,,
Fugglet_tv,youtube,,,,,,,
Fugglet_tv,d_eh_go,,,,,,,
Fugglet_tv,biosushixdee,,,,,,,
Fugglet_tv,jello771,,,,,,,
Fugglet_tv,paskakulli,,,,,,,
Fugglet_tv,paskakulli,,,,,,,
Fugglet_tv,youtube,,,,,,,
Fugglet_tv,games_4_life_0, discordapp,,,,,,
Fugglet_tv,jello771,,,,,,,
Fugglet_tv,battleroyalemod, arma3official,,,,,,
Fugglet_tv,battleroyalemod,,,,,,,
Fugglet_tv,discordapp,,,,,,,
Fugglet_tv,youtube,,,,,,,
Fugglet_tv,youtube,,,,,,,
Fugglet_tv,youtube,,,,,,,
Fugglet_tv,jonasbilgrav, pubgpartners,,,,,,
Fugglet_tv,pubgpartners,,,,,,,
Fugglet_tv,ipwnyou101,,,,,,,
Fugglet_tv,grnabyss,,,,,,,
Fugglet_tv,rawrsnacks,,,,,,,
Fugglet_tv,rawrsnacks,,,,,,,
Fugglet_tv,3gingerbreadman,,,,,,,
Fugglet_tv,poopiequeen,,,,,,,
Fugglet_tv,poopiequeen,,,,,,,
Fugglet_tv,ayyltsjay,,,,,,,
Fugglet_tv,pubgpartners,,,,,,,
Fugglet_tv,pubgpartners,,,,,,,
Fugglet_tv,ayyltsjay,,,,,,,
Fugglet_tv,youtube,,,,,,,
Fugglet_tv,samgrah22167970, nvidiageforce, ironsidepc,,,,,
Fugglet_tv,samgrah22167970, nvidiageforce, ironsidepc,,,,,
Fugglet_tv,samgrah22167970, nvidiageforce, ironsidepc,,,,,
Fugglet_tv,grnabyss,,,,,,,
Fugglet_tv,nvidiageforce,,,,,,,
Fugglet_tv,marckozhd,,,,,,,
Fugglet_tv,marckozhd,,,,,,,
Fugglet_tv,pinethegoat,,,,,,,
Fugglet_tv,marckozhd,,,,,,,
Fugglet_tv,thekillbill432,,,,,,,
Fugglet_tv,pubattlegrounds,,,,,,,
Fugglet_tv,real_ghost_dog,,,,,,,
Fugglet_tv,boosted_inter,,,,,,,
Fugglet_tv,youtube,,,,,,,
Fugglet_tv,negbyroee,,,,,,,
Fugglet_tv,jscalim, uguubear,,,,,,
Fugglet_tv,f00die_rish4v,,,,,,,
Fugglet_tv,cursetrials,,,,,,,
Fugglet_tv,youtube,,,,,,,
Fugglet_tv,usaudiotechnica,,,,,,,
Fugglet_tv,youtube,,,,,,,
Fugglet_tv,nerdspwn,,,,,,,
Fugglet_tv,twitch, drdisrespect,,,,,,
Fugglet_tv,twitch, rawrsnacks, annemunition, jonsandmantv,,,,
Fugglet_tv,twitch, rawrsnacks, annemunition, jonsandmantv,,,,
Fugglet_tv,fiveub, jessius,,,,,,
Fugglet_tv,stonemountain64,,,,,,,
Fugglet_tv,negbyroee,,,,,,,
Fugglet_tv,youtube,,,,,,,
Fugglet_tv,thebattleye, pubattlegrounds,,,,,,
Fugglet_tv,adambirtwistle,,,,,,,
Fugglet_tv,pubattlegrounds,,,,,,,
Fugglet_tv,flamme_trek,,,,,,,
Fugglet_tv,tw1g_, pubgpartners,,,,,,
Fugglet_tv,ironsidepc,,,,,,,
Fugglet_tv,gtoomyy,,,,,,,
Fugglet_tv,nicholas2307,,,,,,,
Fugglet_tv,adambirtwistle,,,,,,,
Fugglet_tv,rawrsnacks,,,,,,,
Fugglet_tv,pubgpartners,,,,,,,
Fugglet_tv,terashockzz, twitch,,,,,,
Fugglet_tv,terashockzz, twitch,,,,,,
Fugglet_tv,twitch,,,,,,,
Fugglet_tv,omgzomb1e,,,,,,,
Fugglet_tv,youtube,,,,,,,
Fugglet_tv,mickapouel,,,,,,,
Fugglet_tv,mrbeastyt,,,,,,,
Fugglet_tv,youtube,,,,,,,
Fugglet_tv,comiccod,,,,,,,
Fugglet_tv,youtube,,,,,,,
Fugglet_tv,pewdiepie,,,,,,,
Fugglet_tv,cistrolat,,,,,,,
Fugglet_tv,youtube,,,,,,,
Fugglet_tv,adventuresofrob,,,,,,,
Fugglet_tv,opskinsgo,,,,,,,
Fugglet_tv,itstomographic,,,,,,,
Fugglet_tv,eyezstaylow,,,,,,,
Fugglet_tv,chocolatekohai,,,,,,,
Fugglet_tv,playerunknown,,,,,,,
Fugglet_tv,youtube,,,,,,,
Fugglet_tv,joshvd_, poopiequeen, pubattlegrounds, playerunknown,,,,
Fugglet_tv,poopiequeen,,,,,,,
Fugglet_tv,itstomographic,,,,,,,
Fugglet_tv,cydneyporter,,,,,,,
Fugglet_tv,cydneyporter,,,,,,,
Fugglet_tv,ozsiix,,,,,,,
Fugglet_tv,youtube,,,,,,,
Fugglet_tv,jessewalsweer,,,,,,,
Fugglet_tv,poopiequeen,,,,,,,
Fugglet_tv,youtube,,,,,,,
Fugglet_tv,youtube,,,,,,,
Fugglet_tv,darkm0wer,,,,,,,
Fugglet_tv,flammablesug4r,,,,,,,
Fugglet_tv,ir3versal,,,,,,,
Fugglet_tv,marcanley,,,,,,,
Fugglet_tv,pubattlegrounds,,,,,,,
Fugglet_tv,wtfmoses, texaschildrens,,,,,,
Fugglet_tv,youtube,,,,,,,
Fugglet_tv,aculitegaming,,,,,,,
Fugglet_tv,louje, pubg,,,,,,
Fugglet_tv,louje, pubg,,,,,,
Fugglet_tv,duckyrb,,,,,,,
Fugglet_tv,duckyrb, hotdroppodcast, youtube,,,,,
Fugglet_tv,youtube,,,,,,,
Fugglet_tv,rawrsnacks,,,,,,,
Fugglet_tv,basildoomhd, youtube,,,,,,
Fugglet_tv,youtube,,,,,,,
Fugglet_tv,thegubson,,,,,,,
Fugglet_tv,eexmor,,,,,,,
Fugglet_tv,eexmor,,,,,,,
Fugglet_tv,veteranmotv,,,,,,,
Fugglet_tv,playerunknown, devcom_conf,,,,,,
Fugglet_tv,akeincubus,,,,,,,
Fugglet_tv,aculitegaming,,,,,,,
Fugglet_tv,natrogaming,,,,,,,
Fugglet_tv,itshuntertv,,,,,,,
Fugglet_tv,sayten69,,,,,,,
Fugglet_tv,thevaultdude,,,,,,,
Fugglet_tv,thevaultdude,,,,,,,
Fugglet_tv,yaekaipv,,,,,,,
Fugglet_tv,wtfmoses,,,,,,,
Fugglet_tv,playerunknown, thebattleye, pubattlegrounds,,,,,
Fugglet_tv,wtfmoses,,,,,,,
Fugglet_tv,playerunknown, pubattlegrounds,,,,,,
Fugglet_tv,aculitegaming,,,,,,,
Fugglet_tv,youtube,,,,,,,
Fugglet_tv,playerunknown,,,,,,,
Fugglet_tv,luxiyt,,,,,,,
Fugglet_tv,luxiyt,,,,,,,
Fugglet_tv,luxiyt,,,,,,,
Fugglet_tv,luxiyt,,,,,,,
Fugglet_tv,playerunknown, _psmk_, pubattlegrounds,,,,,
Fugglet_tv,pubattlegrounds,,,,,,,
Fugglet_tv,7kaiii,,,,,,,
Fugglet_tv,drdisrespect,,,,,,,
Fugglet_tv,youtube,,,,,,,
Fugglet_tv,rawrsnacks,,,,,,,
Fugglet_tv,vg247,,,,,,,
Fugglet_tv,discordapp,,,,,,,
Fugglet_tv,gettoastedkid,,,,,,,
Fugglet_tv,kenjiyoutube13,,,,,,,
Fugglet_tv,a6c655a4dd43409,,,,,,,
Fugglet_tv,_psmk_,,,,,,,
Fugglet_tv,youtube,,,,,,,
Fugglet_tv,rawrsnacks,,,,,,,
Fugglet_tv,luxuriouskid,,,,,,,
Fugglet_tv,youtube,,,,,,,
Fugglet_tv,kennyarxpie,,,,,,,
Fugglet_tv,youtube,,,,,,,
Fugglet_tv,pubgpartners,,,,,,,
Fugglet_tv,youtube,,,,,,,
Fugglet_tv,battleroyalemod, pubattlegrounds,,,,,,
Fugglet_tv,djtgif,,,,,,,
Fugglet_tv,backwardsninja, twitch,,,,,,
Fugglet_tv,pubattlegrounds,,,,,,,
Fugglet_tv,youtube,,,,,,,
Fugglet_tv,youtube,,,,,,,
Fugglet_tv,youtube,,,,,,,
Fugglet_tv,pubgpartners, rawrsnacks,,,,,,
Fugglet_tv,_psmk_,,,,,,,
Fugglet_tv,pubg_androdars,,,,,,,
Fugglet_tv,battleroyalemod, pubattlegrounds,,,,,,
Fugglet_tv,awsomesmilers,,,,,,,
Fugglet_tv,xxhalfpintxx, break_71,,,,,,
Fugglet_tv,pubattlegrounds,,,,,,,
Fugglet_tv,kingkeoua, cadcomic, pubattlegrounds,,,,,
Fugglet_tv,poopiequeen,,,,,,,
Fugglet_tv,pubgpartners,,,,,,,
Fugglet_tv,rawrsnacks,,,,,,,
Fugglet_tv,slyvinlisha,,,,,,,
Fugglet_tv,pubattlegrounds,,,,,,,
Fugglet_tv,youtube,,,,,,,
Fugglet_tv,youtube,,,,,,,
Fugglet_tv,jonofallgames, trackernetwork, pubattlegrounds, twitch, poopiequeen, slyvinlisha,,
Fugglet_tv,youtube,,,,,,,
Fugglet_tv,poopiequeen, pubgpartners,,,,,,
Fugglet_tv,poopiequeen, pubgpartners,,,,,,
Fugglet_tv,youtube,,,,,,,
Fugglet_tv,teamevga, pubattlegrounds,,,,,,
Fugglet_tv,pubg_androdars,,,,,,,
Fugglet_tv,dreamhack, pubattlegrounds,,,,,,
Fugglet_tv,lunnxd, sodapoppintv,,,,,,
Fugglet_tv,dwashford, braderskick1999, iilysrose, gmpolice,,,,
Fugglet_tv,gmpolice,,,,,,,
Fugglet_tv,isrustydotnet,,,,,,,
Fugglet_tv,isrustydotnet,,,,,,,
Fugglet_tv,bradwstansbury, playrust,,,,,,
Fugglet_tv,isrustydotnet,,,,,,,
Fugglet_tv,garrynewman,,,,,,,
Fugglet_tv,reflexrust, isrustydotnet,,,,,,
Fugglet_tv,jaycebeatcancer, isrustydotnet,,,,,,
Fugglet_tv,isrustydotnet,,,,,,,
Fugglet_tv,isrustydotnet,,,,,,,
Fugglet_tv,isrustydotnet,,,,,,,
Fugglet_tv,isrustydotnet,,,,,,,
Fugglet_tv,isrustydotnet,,,,,,,
Fugglet_tv,isrustydotnet,,,,,,,
Fugglet_tv,isrustydotnet,,,,,,,
Fugglet_tv,isrustydotnet,,,,,,,
Fugglet_tv,alex_afrasiabi,,,,,,,
